movie1,movie2,Plot:LDA,Plot:cos,Genre:Jacc,similarity
109487,116797,0.02071481,0.4157754,0.1666667,0.42144593475
109487,122882,0.0181828,0.6063391,0.4,0.39565186895
109487,134853,0.06278866,0.3082057,0.1666667,0.4368209367
109487,2959,0.01884255,0.313967,0.3333333,0.4053368076
109487,296,0.0841694,0.2106314,0.0,0.31998324225
109487,45722,0.07027808,0.26809,0.2,0.37819549985
109487,4993,0.01565729,0.3916335,0.2,0.4050540649999999
109487,5218,0.01967826,0.4351484,0.1666667,0.4044903876499999
109487,54001,0.02371717,0.3299144,0.1666667,0.3623604227499999
109487,541,0.3563135,0.3818018,0.5,0.4107114737499999
109487,589,0.01781,0.4193139,0.2,0.3752110572499999
109487,595,0.02950562,0.5513722,0.0,0.3819532182
109487,6377,0.2709575,0.2268861,0.0,0.3523251022
109487,858,0.01754007,0.4610167,0.25,0.35670381785
116797,122882,0.07846115,0.4632353,0.1428571,0.3996624801
116797,2959,0.02072551,0.1832316,0.25,0.3708862690000001
116797,45722,0.02609731,0.2022887,0.0,0.4017112833499999
116797,4993,0.02145998,0.3570735,0.0,0.3768767956000002
116797,589,0.3033165,0.3432327,0.1666667,0.4357850999
116797,858,0.01801745,0.3478626,0.2,0.4228980836999999
1193,109487,0.01289567,0.2347382,0.3333333,0.38411736655
1193,116797,0.03228343,0.2656845,0.25,0.368453057
1193,122882,0.04589024,0.2767547,0.0,0.33728295235
1193,134853,0.01649439,0.1477098,0.25,0.3523854883
1193,2959,0.07606681,0.100314,1.0,0.4210640074999999
1193,296,0.02061966,0.08075729,0.0,0.3397919413
1193,45722,0.05772026,0.1903467,0.0,0.3519886062
1193,4886,0.1895939,0.1589104,0.0,0.3823313696
1193,4993,0.02619201,0.2409888,0.0,0.40674539745
1193,5218,0.01092382,0.185376,0.0,0.34874263365
1193,54001,0.01732356,0.2951459,0.0,0.34350106005
1193,541,0.02123304,0.243975,0.3333333,0.3786819436
1193,589,0.01804737,0.2870846,0.0,0.3593279394999999
1193,595,0.07010042,0.2348881,0.0,0.37524205055
1193,6377,0.03398302,0.1784399,0.0,0.3510173842
1193,79132,0.05815223,0.2966831,0.0,0.338582103
1193,858,0.261208,0.2618615,0.5,0.410075562
1214,109487,0.7053483,0.5256378,0.1666667,0.3579553936999999
1214,116797,0.04079347,0.3853551,0.1428571,0.3581574829999999
1214,1193,0.03844691,0.2595495,0.0,0.3261529879000001
1214,122882,0.1399175,0.5678917,0.6,0.33827445165
1214,134853,0.06325665,0.3044489,0.0,0.3124686208
1214,260,0.04733519,0.3125508,0.4,0.35491643445
1214,2959,0.2984796,0.2527067,0.0,0.3172104650999999
1214,296,0.01817693,0.1232972,0.2,0.34932745135
1214,45722,0.0218012,0.2964265,0.1666667,0.3394006651
1214,4886,0.1564129,0.3566491,0.0,0.31017746645
1214,4993,0.161826,0.4754821,0.1666667,0.33653084415
1214,5218,0.4123764,0.4839728,0.0,0.30883940465
1214,54001,0.1482943,0.3476193,0.0,0.31779244745
1214,541,0.340211035921914,0.402291140640907,0.4,0.4799122834417109
1214,589,0.0841426893732325,0.508439494973769,0.75,0.4291012643035111
1214,595,0.02370975,0.5558582,0.0,0.31224527885
1214,6377,0.1964727,0.2656244,0.0,0.3226475706
1214,79132,0.08357038,0.4808392,0.5,0.3935379015500001
1214,858,0.01440331,0.4697652,0.0,0.3873008102
1214,8961,0.05250496,0.1251779,0.1428571,0.31130419995
122882,2959,0.3080254,0.3248196,0.0,0.3887074433
122900,109487,0.0170783592459471,0.335029697130245,0.5,0.4497152900585159
122900,116797,0.07081807,0.3102526,0.0,0.3978820295499999
122900,1193,0.04638265,0.1946247,0.0,0.3210975694
122900,1214,0.1340585,0.3120029,0.4,0.3680548050499999
122900,122882,0.802899759939429,0.407206555871078,0.75,0.5128246498609159
122900,134853,0.01590018,0.3377888,0.0,0.4133854493500001
122900,260,0.03488623,0.3984257,1.0,0.4232661151
122900,2959,0.3177862,0.2928537,0.0,0.39263415045
122900,296,0.02420996,0.3143473,0.0,0.3533185828
122900,364,0.03415895,0.2375423,0.0,0.36367222025
122900,45722,0.03021104,0.2445048,0.5,0.410205059
122900,4886,0.1533077,0.3432997,0.0,0.41318729695
122900,4993,0.06552416,0.4221214,0.5,0.39450066605
122900,5218,0.04645769,0.3138852,0.1666667,0.34988514915
122900,54001,0.06033004,0.2954196,0.1666667,0.3835597279
122900,541,0.2225002,0.1851859,0.2,0.3786361358999999
122900,589,0.0203102926698836,0.368766878920831,0.5,0.4233774332100011
122900,595,0.01956785,0.3428627,0.0,0.3720080765999999
122900,6377,0.05348442,0.3125594,0.0,0.3887185628
122900,79132,0.0727551531174904,0.333126119305641,0.6,0.4730816953221923
122900,858,0.01841865,0.3312707,0.0,0.3183478273500001
122900,8961,0.02595335,0.3046359,0.4,0.41700098125
134853,116797,0.02435823,0.2043969,0.1428571,0.39360721615
134853,122882,0.03247697,0.453761,0.0,0.40666154965
134853,2959,0.04700511,0.2963471,0.25,0.4179309685
134853,45722,0.04033792,0.1546384,0.0,0.3562792022
134853,4993,0.08326415,0.3012003,0.0,0.38240864355
134853,589,0.04834129,0.3604443,0.0,0.34647602075
134853,858,0.05761569,0.2417469,0.2,0.3308833173500001
260,109487,0.009720044,0.346338,0.5,0.4129810834999999
260,116797,0.1642727,0.3919968,0.0,0.39260011645
260,1193,0.01369583,0.1290994,0.0,0.3433470822999999
260,122882,0.02816003,0.4348714,0.75,0.4198834059999999
260,134853,0.01072768,0.3677641,0.0,0.3335622924
260,2959,0.06012,0.2775102,0.0,0.3659133869500001
260,296,0.0146535,0.2383022,0.0,0.35558032195
260,45722,0.01720902,0.1685051,0.5,0.40434478585
260,4886,0.2160092,0.4044435,0.0,0.3760668283
260,4993,0.769735932156984,0.389748714678201,0.5,0.4313193957425524
260,5218,0.02072703,0.4615445,0.1666667,0.3457610205499999
260,54001,0.01232262,0.1866278,0.1666667,0.36778578485
260,541,0.01567029,0.1889822,0.2,0.41838425505
260,589,0.328934449071655,0.402392486187455,0.5,0.4422941388189012
260,595,0.7776222,0.2924092,0.0,0.40725602175
260,6377,0.0252268,0.2715015,0.0,0.3404120369500001
260,79132,0.3313958,0.2020305,0.6,0.3914678152
260,858,0.01185009,0.2656199,0.0,0.3717997448
296,116797,0.3844907,0.08939982,0.2,0.4495713629499999
296,122882,0.020273,0.2681995,0.2,0.4172037108500001
296,134853,0.1008977,0.298216,0.0,0.3529236945
296,2959,0.0972533,0.3240434,0.0,0.4009575333499999
296,45722,0.07808941,0.09223132,0.0,0.3716143347499999
296,4993,0.04163204,0.1796455,0.0,0.3466980831
296,5218,0.01624787,0.08982277,0.0,0.3599025744999999
296,54001,0.1673119,0.1021508,0.0,0.3615243198
296,541,0.2223558,0.07881104,0.25,0.39781500495
296,589,0.1336467,0.1545612,0.25,0.3799452562
296,595,0.0239227,0.1738818,0.0,0.3610747719
296,6377,0.2199307,0.180129,0.0,0.36838518685
296,858,0.6489639,0.1938495,0.3333333,0.3854557633500001
364,109487,0.02410875,0.1591674,0.2,0.3407445544
364,116797,0.05372238,0.2026698,0.1666667,0.4038155876499999
364,1193,0.02531157,0.2034191,0.3333333,0.35684343655
364,1214,0.403087,0.1552862,0.0,0.3163898981
364,122882,0.03082172,0.2364481,0.0,0.3606661936499999
364,134853,0.0589280716715249,0.212832811480357,0.75,0.4923882168667223
364,260,0.01926134,0.2626129,0.0,0.33733326325
364,2959,0.1284622,0.1020289,0.3333333,0.39277832785
364,296,0.2041321,0.1095171,0.0,0.3777116005499999
364,45722,0.09241932,0.1548806,0.0,0.3631451126
364,4886,0.2271041,0.1777898,0.5,0.4366452908
364,4993,0.05326487,0.2828176,0.0,0.4088103776499999
364,5218,0.81726797941714,0.226254059401512,0.4,0.466131579532422
364,54001,0.0336217,0.2358648,0.1666667,0.35166504965
364,541,0.1655473,0.1985167,0.2,0.3743089643
364,589,0.1112606,0.2919924,0.0,0.3637042434999999
364,595,0.03033288,0.1194518,0.3333333,0.44544193875
364,6377,0.483965074112716,0.27223555541576,0.666666666666667,0.4830476818047307
364,79132,0.04945422,0.2321192,0.0,0.3669279324
364,858,0.3533358,0.1997535,0.25,0.3842901393
364,8961,0.142598689024576,0.252699347859635,0.4,0.472683984185802
45722,122882,0.02698693,0.303433,0.4,0.40868467765
45722,2959,0.03335739,0.1718499,0.0,0.3710537506999999
45722,4993,0.0846672416746252,0.254057172825521,1.0,0.4720157086993404
45722,589,0.06410935,0.2841572,0.2,0.41417493125
45722,858,0.1139414,0.2990669,0.0,0.3459593769499999
47,109487,0.06381007,0.4321843,0.0,0.3410007021000001
47,116797,0.01693856,0.3787049,0.1666667,0.3768101139500001
47,1193,0.01657273,0.2672612,0.0,0.3213869110000001
47,1214,0.05578341,0.4733314,0.1666667,0.4234994106000001
47,122882,0.04068839,0.4615465,0.1666667,0.3496813045499999
47,122900,0.03944977,0.3953189,0.0,0.3477592687499999
47,134853,0.0471274,0.3355554,0.0,0.3284347182499999
47,260,0.01113947,0.4041813,0.0,0.35997421885
47,2959,0.327084198377413,0.241290331879999,0.0,0.4067940292164426
47,296,0.06802524,0.2446106,0.6666667,0.3898352115499999
47,364,0.0685021,0.3080742,0.0,0.3419397094999999
47,45722,0.03688506,0.264536,0.0,0.36789489515
47,4886,0.05219894,0.3907295,0.0,0.33322955435
47,4993,0.01674454,0.4657119,0.0,0.33840527765
47,5218,0.01531783,0.4458944,0.0,0.3342476094
47,54001,0.01933801,0.3605991,0.1666667,0.3836688401
47,541,0.05144406,0.2869023,0.2,0.39235227345
47,589,0.08847271,0.4910502,0.2,0.4078496627
47,595,0.1513763,0.4080471,0.0,0.34256382925
47,6377,0.03263472,0.3099854,0.0,0.3334672931
47,79132,0.515970673900301,0.378161278267557,0.333333333333333,0.4303918503353971
47,858,0.08470864,0.4315768,0.25,0.39194073065
47,88125,0.240356,0.3521074,0.0,0.3324514518
47,8957,0.660035841495654,0.348530479382221,0.5,0.4335327232664893
47,8961,0.02514028,0.2788867,0.0,0.34017850075
4886,109487,0.02625324,0.3854577,0.0,0.4149050317499999
4886,116797,0.2121692,0.3483153,0.0,0.3637085643
4886,122882,0.1539758,0.4644204,0.0,0.3679728164500001
4886,134853,0.0613949774230694,0.311012299013626,0.75,0.5461971508078691
4886,2959,0.2786316,0.2510698,0.0,0.39859586055
4886,296,0.08618529,0.218164,0.0,0.3384003920499999
4886,45722,0.384053,0.1814885,0.0,0.38556336685
4886,4993,0.08234558,0.3269858,0.0,0.45046936035
4886,5218,0.0198958410728142,0.371173068861141,0.75,0.475256433902521
4886,54001,0.03083328,0.2412091,0.1666667,0.3634148825
4886,541,0.04121132,0.2791453,0.0,0.36215046145
4886,589,0.4629804,0.3375935,0.0,0.3792610598
4886,595,0.02980344,0.3919248,0.3333333,0.4189809480000001
4886,6377,0.261488636060909,0.212669705029557,0.666666666666667,0.4949917200960608
4886,79132,0.4418398,0.2719963,0.0,0.3977555373999999
4886,858,0.3186221,0.3016908,0.0,0.3295181946
4993,122882,0.07622694,0.4740459,0.4,0.3945449263999999
4993,2959,0.06185364,0.2092028,0.0,0.38460433735
5218,116797,0.03942284,0.3940122,0.0,0.35176513865
5218,122882,0.01495796,0.4371073,0.1428571,0.34457775115
5218,134853,0.0788360379327227,0.253282110607697,0.6,0.4761975230280854
5218,2959,0.112478,0.2092028,0.0,0.3631925346
5218,45722,0.01886653,0.2117143,0.1666667,0.368734848
5218,4993,0.01229324,0.4639175,0.1666667,0.38829033865
5218,54001,0.03588558,0.3165536,0.3333333,0.38590940735
5218,589,0.0220963,0.4470362,0.0,0.3341056365
5218,595,0.03131635,0.4136548,0.2857143,0.4086377595499999
5218,6377,0.487723024469915,0.235684125964991,0.5,0.4747312083298893
5218,858,0.01327954,0.3519355,0.0,0.32839626675
54001,116797,0.01871177,0.3220644,0.0,0.3750319488
54001,122882,0.0256986,0.385077,0.1428571,0.4021963109000001
54001,134853,0.1245716,0.1790548,0.1428571,0.3658482094
54001,2959,0.06019692,0.1427493,0.0,0.34015002355
54001,45722,0.0300262401383202,0.288926047405846,0.4,0.4668854569199316
54001,4993,0.236478833207294,0.340002021421119,0.4,0.4435255191705569
54001,589,0.1977392,0.351032,0.0,0.3916458805499999
54001,858,0.02057527,0.3726354,0.0,0.3878546068999999
541,116797,0.03263968,0.2268713,0.4,0.3694867553
541,122882,0.1316772,0.4537426,0.4,0.43197265695
541,134853,0.04397795,0.2792906,0.1666667,0.3918743908
541,2959,0.1510706,0.1652002,0.3333333,0.3950750665500001
541,45722,0.0362945,0.306503,0.0,0.38417853785
541,4993,0.1526499,0.2577945,0.0,0.3678538067
541,5218,0.03732985,0.2577945,0.0,0.35119164135
541,54001,0.07744641,0.3394674,0.0,0.37610632615
541,589,0.03752135,0.378224,0.5,0.4211342771999999
541,595,0.02507527,0.343841,0.0,0.39168087555
541,6377,0.02730406,0.2448837,0.0,0.34936017745
541,858,0.2087838,0.3513821,0.25,0.3899553693000001
589,122882,0.019183730430083,0.50213667572866,0.75,0.4873775779646527
589,2959,0.05738649,0.2015902,0.0,0.3632623689499999
589,4993,0.0724494,0.4683237,0.2,0.3949339713
595,116797,0.01751535,0.4160408,0.0,0.3630881613
595,122882,0.04986183,0.591558,0.0,0.38836682615
595,134853,0.1196376,0.2602145,0.2857143,0.43454893305
595,2959,0.08323323,0.2650788,0.0,0.3854520135
595,45722,0.02724764,0.2682611,0.1428571,0.3964068035999999
595,4993,0.73817819784719,0.446311793844088,0.142857142857143,0.4456236629558703
595,54001,0.03402028,0.3466313,0.2857143,0.3992742926
595,589,0.03342225,0.4383129,0.0,0.37296975285
595,858,0.01989816,0.4356827,0.0,0.3510616663
5952,109487,0.01080321,0.3841106,0.2,0.40348850535
5952,116797,0.06129505,0.4192223,0.0,0.38813366735
5952,1193,0.01123104,0.2103861,0.0,0.4112522906999999
5952,1214,0.03983096,0.3426234,0.1666667,0.3169819460999999
5952,122882,0.01275292,0.4502758,0.4,0.39730219665
5952,122900,0.01446626,0.3548682,0.5,0.390602258
5952,134853,0.1189945,0.3193931,0.0,0.3897175042
5952,260,0.91366724548082,0.530280798249037,0.5,0.4536672020657242
5952,2959,0.02218423,0.2286338,0.0,0.3881155411999999
5952,296,0.01732915,0.1699021,0.0,0.3487953432499999
5952,364,0.02119312,0.3090861,0.0,0.4165186306
5952,45722,0.0191441234439507,0.186882744978327,1.0,0.5219950024952847
5952,47,0.01396771,0.4623194,0.0,0.3434523771499999
5952,4886,0.0798320687432155,0.423478838757393,0.0,0.4622003235873192
5952,4993,0.84087431385955,0.403005440610173,1.0,0.8250829347722158
5952,5218,0.009175461,0.4550061,0.1666667,0.39442012405
5952,54001,0.04205757,0.2513352,0.4,0.42577430635
5952,541,0.02609171,0.2395351,0.0,0.3761190081500001
5952,589,0.1204063,0.4295012,0.2,0.39953121675
5952,595,0.817947453157465,0.343174859743949,0.142857142857143,0.4506974013738186
5952,6377,0.01461326,0.2502751,0.0,0.3930450752
5952,7153,0.959363747750918,0.591936767969674,1.0,0.8260584176643307
5952,79132,0.1889433,0.2400691,0.3333333,0.3953947482499999
5952,858,0.01480075,0.3060667,0.0,0.37079449695
5952,88125,0.058550355821369,0.393521898726764,0.5,0.4772722860246506
5952,8957,0.03054701,0.2286338,0.0,0.34508529155
5952,8961,0.01658318,0.1568125,0.4,0.4262275747
5952,91529,0.07399323,0.4203618,0.1666667,0.3958482671
5952,96079,0.1365913,0.495029,0.5,0.3884240846
6377,116797,0.01831229,0.1481522,0.0,0.36953679075
6377,122882,0.01572614,0.2814892,0.0,0.3666315385499999
6377,134853,0.0403384031000878,0.304756503554258,0.5,0.4860904646000573
6377,2959,0.09783771,0.1845939,0.0,0.4164437878500001
6377,45722,0.2746731,0.2037927,0.0,0.3908946012
6377,4993,0.05016112,0.3225151,0.0,0.3937777773500001
6377,54001,0.06073136,0.2398175,0.2,0.3641226833
6377,589,0.1039059,0.3457846,0.0,0.3556040392
6377,595,0.01992898,0.1833711,0.4,0.4173729437
6377,858,0.1774616,0.2628367,0.0,0.31156611025
7153,109487,0.009889008,0.4594459,0.2,0.4043098161999999
7153,116797,0.06252672,0.4631392,0.0,0.4036355858499999
7153,1193,0.01453896,0.2201928,0.0,0.41071781415
7153,1214,0.01521945,0.4958684,0.1666667,0.34449665425
7153,122882,0.01082198,0.5118907,0.4,0.4125599244
7153,122900,0.0125657,0.3642671,0.5,0.3964090583
7153,134853,0.05034794,0.2845905,0.0,0.3741812507499999
7153,260,0.938146667827294,0.52792558335675,0.5,0.4692276403360528
7153,2959,0.01920814,0.1794683,0.0,0.3775088373999999
7153,296,0.05760091,0.0592739,0.0,0.3574705820499999
7153,364,0.02879194,0.2799463,0.0,0.39635060205
7153,45722,0.0414870254597432,0.251477845384773,1.0,0.4878061626734556
7153,47,0.01486893,0.4904082,0.0,0.3557634228999999
7153,4886,0.08929843,0.3936479,0.0,0.4389050979000001
7153,4993,0.849762637061721,0.53063987159961,1.0,0.8385611944612158
7153,5218,0.01414003,0.5510491,0.1666667,0.37264278385
7153,54001,0.0129178149608168,0.324944957783969,0.4,0.4626433618206594
7153,541,0.02955173,0.3088988,0.0,0.3840481256999999
7153,589,0.0986653,0.5373186,0.2,0.4256549348
7153,595,0.85099770221426,0.474106001479173,0.142857142857143,0.4492646807057673
7153,6377,0.02422289,0.2824053,0.0,0.3810356974999999
7153,79132,0.2000076,0.3392003,0.3333333,0.4165158244499999
7153,858,0.05309903,0.3964125,0.0,0.38886609055
7153,88125,0.043612412291278,0.416341864746447,0.5,0.4622031098934698
7153,8957,0.02610155,0.2899104,0.0,0.32896745315
7153,8961,0.01513919,0.1367683,0.4,0.40658188765
72998,109487,0.624158760911815,0.353553390593274,0.4,0.5175716834532897
72998,116797,0.2617059,0.2358106,0.0,0.40215637805
72998,1193,0.2936908,0.1613743,0.0,0.3334761822000001
72998,1214,0.561156936522688,0.428701487092085,0.333333333333333,0.4505644478460837
72998,122882,0.02341125,0.3751532,0.6,0.40877141975
72998,122900,0.0254663253812808,0.282666885541653,0.75,0.4859027143050441
72998,134853,0.02562798,0.2860388,0.0,0.3619268154
72998,260,0.297685933887271,0.321428571428571,0.75,0.4617436001830687
72998,2959,0.02737865,0.2428215,0.0,0.3802059062499999
72998,296,0.02931612,0.1563858,0.0,0.3388018321
72998,364,0.03319821,0.164133,0.0,0.3291385862999999
72998,45722,0.0303649936475929,0.184302445193621,0.75,0.4351909017779568
72998,47,0.02495957,0.3622844,0.0,0.3164744627
72998,4886,0.324482,0.2615694,0.0,0.4039146064
72998,4993,0.02305611,0.3230812,0.75,0.4147077861999998
72998,5218,0.01535066,0.3589791,0.1428571,0.35079117535
72998,54001,0.02460465,0.1837117,0.3333333,0.38504842785
72998,541,0.2745582,0.2598506,0.1666667,0.38229290835
72998,589,0.521520292215607,0.389155891247078,0.4,0.4659734199765456
72998,595,0.03330895,0.3032392,0.125,0.3782085915000001
72998,5952,0.104999738808194,0.294241174638185,0.75,0.4248353362428389
72998,6377,0.02532471,0.3023539,0.0,0.3487712800499999
72998,7153,0.0869722927405842,0.355334527259351,0.75,0.4231591815325823
72998,79132,0.382057601640547,0.331456303681194,0.5,0.4515579869372537
72998,858,0.1170894,0.295804,0.0,0.35601881265
72998,88125,0.211514784454088,0.259850575193844,0.4,0.4311828998837824
72998,8957,0.06839275,0.2185393,0.0,0.369100494
72998,8961,0.02642921,0.1443376,0.3333333,0.3850104478999999
72998,91529,0.3372212,0.3627381,0.1428571,0.3850749063499999
72998,924,0.4878905,0.2988072,0.4,0.3960314193499999
72998,95510,0.0335540768593232,0.336244897699929,0.75,0.4284396078389826
72998,96079,0.682197163667534,0.361837980507756,0.4,0.4241405118788067
79132,109487,0.0591859263583021,0.410714285714286,0.333333333333333,0.5197692850154307
79132,116797,0.2136744,0.2728526,0.125,0.4617910589000001
79132,122882,0.0486514707307388,0.500229726637437,0.8,0.4858640093723059
79132,134853,0.04819287,0.3202449,0.0,0.4121497019499999
79132,2959,0.2560732,0.2232109,0.0,0.3737971063999999
79132,296,0.03623408,0.1843024,0.1666667,0.4252280948500001
79132,45722,0.225825,0.3127716,0.3333333,0.4287207282499999
79132,4993,0.1684248,0.3934466,0.3333333,0.4003997419
79132,5218,0.01951773,0.2792202,0.125,0.3899812374999999
79132,54001,0.04740922,0.3897114,0.2857143,0.3976320188
79132,541,0.0650675,0.4342995,0.3333333,0.4144764699
79132,589,0.462404275927793,0.471728176524863,0.6,0.4987882870136085
79132,595,0.2234526,0.428845,0.0,0.3583671364
79132,6377,0.1160598,0.3206948,0.0,0.3670647595999999
79132,858,0.0283955,0.41833,0.0,0.3509272197500001
858,122882,0.01432265,0.4855582,0.0,0.3322172053
858,2959,0.08860663,0.2298482,0.5,0.3629578765
858,4993,0.01785657,0.3762069,0.0,0.3606581657
858,589,0.1468775,0.438529,0.0,0.3991443438499999
88125,109487,0.01616755,0.3054414,0.2,0.4147286414
88125,116797,0.1275422,0.2430764,0.0,0.391930017
88125,1193,0.01672475,0.2195775,0.0,0.3576558017
88125,1214,0.0769427,0.3128931,0.0,0.2988604668499999
88125,122882,0.05149232,0.3727171,0.1666667,0.3900687817000001
88125,122900,0.02102126,0.2849014,0.2,0.4091352902
88125,134853,0.0549721,0.3063187,0.1666667,0.4069800181
88125,260,0.1327479,0.3914632,0.2,0.3773040962999999
88125,2959,0.1333247,0.1835558,0.0,0.37419185745
88125,296,0.02547521,0.1379193,0.0,0.33323354835
88125,364,0.03181101,0.3225896,0.2,0.3932603189499999
88125,45722,0.194114797907116,0.222911285030141,0.5,0.4580580519571468
88125,4886,0.217755,0.3256695,0.2,0.41108298645
88125,4993,0.0623959965978992,0.312067078624323,0.5,0.4713980163180399
88125,5218,0.01867107,0.3663396,0.4,0.3860576736
88125,54001,0.55255504549411,0.324037034920393,0.75,0.7320784885555771
88125,541,0.03807234,0.3571429,0.0,0.3682900192500001
88125,589,0.2606344,0.4062406,0.0,0.38093309205
88125,595,0.19667973208674,0.272207421154095,0.333333333333333,0.4829328799727889
88125,6377,0.02133373,0.2938604,0.25,0.3979330076499999
88125,79132,0.353821,0.3173727,0.1428571,0.39159658645
88125,858,0.02143292,0.2715225,0.0,0.3844987098
88125,8957,0.1267653,0.2386225,0.0,0.3551576194999999
88125,8961,0.02477979,0.2000331,0.4,0.4098936055499999
8957,109487,0.1010117,0.3532129,0.0,0.3620275607
8957,116797,0.06456515,0.2498612,0.0,0.34152329685
8957,1193,0.1059891,0.2006279,0.0,0.398652522
8957,1214,0.1136279,0.37906,0.1666667,0.2884533328499999
8957,122882,0.4697777,0.3914493,0.0,0.37082078845
8957,122900,0.3883278,0.3367818,0.0,0.3570175327999999
8957,134853,0.1814086,0.2222603,0.0,0.3348324745
8957,260,0.01934015,0.2220082,0.0,0.35872027025
8957,2959,0.1503197,0.2075472,0.0,0.3422869886999999
8957,296,0.06813861,0.1620217,0.25,0.30988380585
8957,364,0.2389926,0.1275361,0.0,0.3263271224999999
8957,45722,0.1356325,0.2577749,0.0,0.3615763370500001
8957,4886,0.2370265,0.2988926,0.0,0.35558654075
8957,4993,0.1179283,0.3207776,0.0,0.35344064475
8957,5218,0.1331716,0.2649902,0.0,0.36201255475
8957,54001,0.08926802,0.2854986,0.1666667,0.3338107104
8957,541,0.1165108,0.3120448,0.0,0.32835411305
8957,589,0.1275815,0.3311839,0.0,0.3380402921
8957,595,0.1154669,0.368165,0.0,0.3412910484999999
8957,6377,0.1744181,0.1845939,0.0,0.3292418098499999
8957,79132,0.2689631,0.3434014,0.1428571,0.3340357365999999
8957,858,0.2292339,0.36119,0.25,0.32422679255
8957,8961,0.04305811,0.1869241,0.0,0.3205174103999999
8961,109487,0.06008845,0.1555232,0.1666667,0.38672680705
8961,116797,0.1926711,0.1320197,0.0,0.3966269129500001
8961,1193,0.01978973,0.1987616,0.0,0.35257930025
8961,122882,0.0230903,0.214532,0.3333333,0.3822871676999999
8961,134853,0.02522535,0.2568915,0.3333333,0.4692951337
8961,260,0.01484323,0.1924501,0.4,0.3721197190500001
8961,2959,0.07312126,0.2243089,0.0,0.3882206411
8961,296,0.06678895,0.3009646,0.0,0.3823855224500001
8961,45722,0.03361402,0.2270017,0.4,0.4069402991999999
8961,4886,0.03984674,0.1539783,0.4,0.4544963874
8961,4993,0.0319082136810644,0.234890890482075,0.4,0.469330505014586
8961,5218,0.01628549,0.124354,0.6,0.4614612089
8961,54001,0.08666432,0.2514157,0.3333333,0.3853541805
8961,541,0.03141578,0.1454786,0.0,0.354751455
8961,589,0.06403576,0.2139802,0.1666667,0.37178320575
8961,595,0.02355154,0.1021272,0.2857143,0.42182169715
8961,6377,0.0347752011399387,0.29925280083229,0.5,0.4759046253437393
8961,79132,0.115063,0.2721655,0.2857143,0.4080265473
8961,858,0.02661957,0.243975,0.0,0.3683961266999999
89745,109487,0.0368694107582623,0.515939370367582,0.5,0.4279963136938516
89745,116797,0.378030903611959,0.437967871855338,0.0,0.4608710364519405
89745,1193,0.01525399,0.2197935,0.0,0.3360187019999999
89745,1214,0.07775231,0.5234929,0.4,0.38895314085
89745,122882,0.0236548215152087,0.569358233411939,0.75,0.4966581079649993
89745,122900,0.0739776276606182,0.384995251754509,1.0,0.5321391327193872
89745,134853,0.04989944,0.3084237,0.0,0.38349528665
89745,260,0.403856353382529,0.437789072961642,1.0,0.4737859190501539
89745,2959,0.1149202,0.3141891,0.0,0.3576808921
89745,296,0.03487793,0.2129991,0.0,0.3559071352
89745,364,0.02984902,0.2011958,0.0,0.3987406767499999
89745,45722,0.0265692392291067,0.251021856169403,0.5,0.4530711488312741
89745,47,0.2285742,0.4346929,0.0,0.4026864235499999
89745,4886,0.4214369,0.4191297,0.0,0.3889081772499999
89745,4993,0.01654168,0.4155933,0.5,0.4182842808999999
89745,5218,0.02627862,0.4400399,0.1666667,0.41364041475
89745,54001,0.01862136,0.2919202,0.1666667,0.4089487237499999
89745,541,0.05644615,0.3217447,0.2,0.428817483
89745,589,0.734906483511771,0.45431519164432,0.5,0.5132613942070217
89745,595,0.06260081,0.5291754,0.0,0.3802236378
89745,5952,0.137365181055156,0.431587212480533,0.5,0.4419176707103868
89745,6377,0.01803532,0.250027,0.0,0.36119351335
89745,7153,0.119520455425593,0.532366273003127,0.5,0.4495141773570375
89745,72998,0.637517665836839,0.340502612303499,0.75,0.5021714434765842
89745,79132,0.710532487608228,0.376205790893029,0.6,0.5258677652528165
89745,858,0.01752705,0.4460547,0.0,0.3941126626500001
89745,88125,0.3549514,0.337832,0.2,0.4271784201
89745,8957,0.1058781,0.3307254,0.0,0.3091653736
89745,8961,0.0556464737689186,0.18020683530043,0.4,0.4653473241438389
89745,91529,0.496351899975702,0.41994514915523,0.166666666666667,0.4816496360827285
89745,924,0.2022203,0.4273274,0.5,0.4093304921
89745,95510,0.0470377261398886,0.27061808336857,0.5,0.5546214597149765
89745,96079,0.95533119201976,0.428942114584825,0.5,0.408116071152942
91529,109487,0.0102304026187259,0.410391340834062,0.166666666666667,0.4154121763346395
91529,116797,0.342795866403554,0.348370821255408,0.333333333333333,0.4507316646085481
91529,1193,0.01043896,0.2060489,0.25,0.33349039415
91529,1214,0.04335352,0.4461424,0.3333333,0.3369358076500001
91529,122882,0.0153113,0.4541262,0.3333333,0.4262885294499999
91529,122900,0.01221266,0.3499829,0.1666667,0.3649549596
91529,134853,0.01648872,0.3181887,0.1428571,0.3398886113999999
91529,260,0.2132969,0.4249218,0.1666667,0.37399424935
91529,2959,0.06613245,0.2395792,0.25,0.3621640415499999
91529,296,0.01532482,0.136145,0.5,0.3662551873
91529,364,0.02029286,0.2286233,0.1666667,0.3544404193499999
91529,45722,0.01811096,0.2139313,0.1666667,0.4217308290999999
91529,47,0.124455,0.4305385,0.4,0.3964455986499999
91529,4886,0.2254065,0.3482698,0.0,0.3260929574
91529,4993,0.01151955,0.4271065,0.1666667,0.3740840989
91529,5218,0.008214512,0.4375237,0.0,0.3237695509999999
91529,54001,0.0128885,0.2606335,0.0,0.38238177605
91529,541,0.0164562,0.2879145,0.4,0.36345163065
91529,589,0.459007554694083,0.50549324816903,0.4,0.4293642864772334
91529,595,0.03684936,0.4179864,0.0,0.3320149194
91529,6377,0.01257068,0.2632207,0.0,0.3179624734499999
91529,7153,0.06066946,0.4949506,0.1666667,0.39804861795
91529,79132,0.359434769929968,0.359092423229804,0.285714285714286,0.4814588254834896
91529,858,0.01231897,0.343358,0.5,0.3813481357
91529,88125,0.1908943,0.3701757,0.0,0.36835976305
91529,8957,0.06256597,0.267765,0.1666667,0.3309301326999999
91529,8961,0.2858537,0.1535798,0.1428571,0.3842251136
91529,96079,0.5042551,0.4588974,0.4,0.3706226922499999
924,109487,0.6532855,0.3863562,0.5,0.4025675829
924,116797,0.01706191,0.348466,0.0,0.35313976245
924,1193,0.01526082,0.185164,0.0,0.3626706970000001
924,1214,0.5854567,0.4381872,0.1666667,0.4029651251
924,122882,0.0415332,0.430458,0.4,0.3830654404499999
924,122900,0.01931322,0.3423562,0.5,0.3667478403500001
924,134853,0.04442083,0.2507133,0.0,0.3353531836999999
924,260,0.011245366479496,0.392717971638444,0.5,0.4639708049873524
924,2959,0.2722318,0.2089636,0.0,0.355352264
924,296,0.02332904,0.09968896,0.0,0.34991507305
924,364,0.02896296,0.1883294,0.0,0.3250794551500001
924,45722,0.02610148,0.2467176,0.2,0.38980573765
924,47,0.563776,0.3629059,0.2,0.3885794741
924,4886,0.02951519,0.3383817,0.0,0.3286485709999999
924,4993,0.01788604,0.4118996,0.2,0.3684486406999999
924,5218,0.01238024,0.4462245,0.1666667,0.34511364015
924,54001,0.01960278,0.273252,0.4,0.3846415471999999
924,541,0.2825651,0.2484647,0.2,0.43996181845
924,589,0.07245639,0.4075427,0.2,0.39508510975
924,595,0.1375361,0.4711722,0.0,0.3673884605500001
924,5952,0.01280059,0.3895593,0.2,0.369550747
924,6377,0.01957464,0.2065041,0.0,0.32653645065
924,7153,0.01157428,0.4756707,0.2,0.3886783401999999
924,79132,0.464521,0.295804,0.6,0.4166198894500001
924,858,0.01971073,0.3232488,0.0,0.366746183
924,88125,0.2174204,0.3162278,0.2,0.3657005841999999
924,8957,0.2369705,0.2786181,0.2,0.36357986695
924,8961,0.0225893,0.1380131,0.1666667,0.3533188442
924,91529,0.1135331,0.3988706,0.0,0.3702378619499999
924,96079,0.2084085,0.4100543,0.2,0.3423452804
95510,109487,0.02187788,0.2964294,0.2,0.36149055965
95510,116797,0.148087,0.2027031,0.0,0.420446017
95510,1193,0.04158389,0.2420382,0.0,0.29085751
95510,1214,0.1041014,0.3470414,0.1666667,0.33769862655
95510,122882,0.512909750094698,0.401911229390693,0.4,0.4950280037865794
95510,122900,0.444509562735467,0.37480489236291,0.5,0.520219270882729
95510,134853,0.06866435,0.3847163,0.0,0.3830252565000001
95510,260,0.02596978,0.3144108,0.5,0.3784853575
95510,2959,0.2419717,0.190016,0.0,0.3522169415
95510,296,0.1791215,0.2209587,0.0,0.3906644739999999
95510,364,0.2145859,0.3425056,0.0,0.39798078125
95510,45722,0.111952698847804,0.348538559625562,1.0,0.481084656475422
95510,47,0.1230571,0.3824996,0.0,0.37574532175
95510,4886,0.3739819,0.2458249,0.0,0.35421068435
95510,4993,0.0728927898301714,0.380403270153244,1.0,0.4134470014824772
95510,5218,0.02685753,0.2809132,0.1666667,0.3925605955
95510,54001,0.196289734156299,0.386023828871039,0.4,0.4485938853302024
95510,541,0.1262059,0.3543077,0.0,0.3771836859
95510,589,0.247346012917594,0.41087050773959,0.2,0.4523360766799967
95510,595,0.04125091,0.2039253,0.1428571,0.3652935279999999
95510,5952,0.0182705649884409,0.273057153612455,1.0,0.4131745291476398
95510,6377,0.1866468,0.4506707,0.0,0.3900389931
95510,7153,0.0155005338606021,0.318611791380195,1.0,0.4321062924815493
95510,79132,0.095478725729613,0.482726974827297,0.333333333333333,0.4551133003538062
95510,858,0.3049728,0.3513483,0.0,0.3534680567499999
95510,88125,0.06405234,0.385117,0.5,0.4090783251
95510,8957,0.4300656,0.2691893,0.0,0.34729400795
95510,8961,0.226044563048539,0.42355872480151,0.4,0.441895199373877
95510,91529,0.320245079120853,0.34890481363918,0.166666666666667,0.4543651546972286
95510,924,0.0944587,0.263055,0.2,0.3572857944
95510,96079,0.05318872,0.419482,0.5,0.36394959085
96079,109487,0.01134367,0.3573891,0.2,0.4169217607
96079,116797,0.3539781,0.3585383,0.1666667,0.3917424619499999
96079,1193,0.1195769,0.1799319,0.0,0.36580213405
96079,1214,0.07559641,0.4057302,0.4,0.3147434468
96079,122882,0.02132563,0.4688577,0.75,0.4013128189
96079,122900,0.01173944,0.3555795,0.5,0.4028222168999999
96079,134853,0.02014712,0.4191099,0.0,0.330995793
96079,260,0.4086451,0.5360563,0.5,0.4095514492
96079,2959,0.1143401,0.2186788,0.0,0.3437250488999999
96079,296,0.02578605,0.1341306,0.25,0.3071395388
96079,364,0.02277199,0.3097056,0.0,0.29095226
96079,45722,0.02005982,0.2213041,0.5,0.3491200931
96079,47,0.2279877,0.4438968,0.2,0.3549267878499999
96079,4886,0.4354341,0.3959038,0.0,0.3345590727499999
96079,4993,0.01368562,0.4310499,0.5,0.38357418565
96079,5218,0.008533227,0.4618392,0.1666667,0.3452161769999999
96079,54001,0.04167645,0.2713666,0.1666667,0.32908885295
96079,541,0.01775224,0.2937848,0.2,0.3120809272
96079,589,0.744563280424522,0.484768637137713,0.5,0.3945604461917277
96079,595,0.06041968,0.3251066,0.0,0.32123072275
96079,6377,0.01483234,0.3334191,0.0,0.3033161515499999
96079,7153,0.1112552,0.5485804,0.5,0.3876591150499999
96079,79132,0.687708307063843,0.312715442976298,0.6,0.3779109405243586
96079,858,0.05912235,0.3080742,0.0,0.3657815665
96079,88125,0.359545,0.4052204,0.2,0.39997107225
96079,8957,0.1144425,0.2290921,0.0,0.4148617376
96079,8961,0.0215376,0.1856953,0.4,0.36109136565
